-- Dummy data for multi-tenant SaaS HRMS
-- Use: psql -U maheshreddy -d roleauth_db -f dummy_data_template.sql

-- Tenants
INSERT INTO tenants (id, name, contact_email, plan, created_at) VALUES
  ('00000000-0000-0000-0000-000000000001', 'Acme Corp', 'admin@acme.com', 'premium', NOW()),
  ('00000000-0000-0000-0000-000000000002', 'Beta Inc', 'admin@beta.com', 'basic', NOW());

-- Roles
INSERT INTO roles (id, name, description, created_at, tenant_id) VALUES
  ('10000000-0000-0000-0000-000000000001', 'owner', 'Tenant Owner', NOW(), '00000000-0000-0000-0000-000000000001'),
  ('10000000-0000-0000-0000-000000000002', 'admin', 'Administrator', NOW(), '00000000-0000-0000-0000-000000000001'),
  ('10000000-0000-0000-0000-000000000003', 'manager', 'Manager', NOW(), '00000000-0000-0000-0000-000000000001'),
  ('10000000-0000-0000-0000-000000000004', 'user', 'Employee', NOW(), '00000000-0000-0000-0000-000000000001'),
  ('10000000-0000-0000-0000-000000000005', 'owner', 'Tenant Owner', NOW(), '00000000-0000-0000-0000-000000000002'),
  ('10000000-0000-0000-0000-000000000006', 'admin', 'Administrator', NOW(), '00000000-0000-0000-0000-000000000002'),
  ('10000000-0000-0000-0000-000000000007', 'manager', 'Manager', NOW(), '00000000-0000-0000-0000-000000000002'),
  ('10000000-0000-0000-0000-000000000008', 'user', 'Employee', NOW(), '00000000-0000-0000-0000-000000000002');

-- Users (bcrypt hashes for 'password123')
INSERT INTO users (id, email, username, hashed_password, is_active, needs_password, created_at, tenant_id) VALUES
  ('20000000-0000-0000-0000-000000000001', 'owner@acme.com', 'acmeowner', '$2b$12$KIXQ4Q1rQw1Q4Q1rQw1Q4OQ4Q1rQw1Q4Q1rQw1Q4Q1rQw1Q4Q1rQw1', true, false, NOW(), '00000000-0000-0000-0000-000000000001'),
  ('20000000-0000-0000-0000-000000000002', 'admin@acme.com', 'acmeadmin', '$2b$12$KIXQ4Q1rQw1Q4Q1rQw1Q4OQ4Q1rQw1Q4Q1rQw1Q4Q1rQw1Q4Q1rQw1', true, false, NOW(), '00000000-0000-0000-0000-000000000001'),
  ('20000000-0000-0000-0000-000000000003', 'manager@acme.com', 'acmemanager', '$2b$12$KIXQ4Q1rQw1Q4Q1rQw1Q4OQ4Q1rQw1Q4Q1rQw1Q4Q1rQw1Q4Q1rQw1', true, false, NOW(), '00000000-0000-0000-0000-000000000001'),
  ('20000000-0000-0000-0000-000000000004', 'user1@acme.com', 'acmeuser1', '$2b$12$KIXQ4Q1rQw1Q4Q1rQw1Q4OQ4Q1rQw1Q4Q1rQw1Q4Q1rQw1Q4Q1rQw1', true, false, NOW(), '00000000-0000-0000-0000-000000000001'),
  ('20000000-0000-0000-0000-000000000005', 'owner@beta.com', 'betaowner', '$2b$12$KIXQ4Q1rQw1Q4Q1rQw1Q4OQ4Q1rQw1Q4Q1rQw1Q4Q1rQw1Q4Q1rQw1', true, false, NOW(), '00000000-0000-0000-0000-000000000002'),
  ('20000000-0000-0000-0000-000000000006', 'admin@beta.com', 'betaadmin', '$2b$12$KIXQ4Q1rQw1Q4Q1rQw1Q4OQ4Q1rQw1Q4Q1rQw1Q4Q1rQw1Q4Q1rQw1', true, false, NOW(), '00000000-0000-0000-0000-000000000002'),
  ('20000000-0000-0000-0000-000000000007', 'manager@beta.com', 'betamanager', '$2b$12$KIXQ4Q1rQw1Q4Q1rQw1Q4OQ4Q1rQw1Q4Q1rQw1Q4Q1rQw1Q4Q1rQw1', true, false, NOW(), '00000000-0000-0000-0000-000000000002'),
  ('20000000-0000-0000-0000-000000000008', 'user1@beta.com', 'betauser1', '$2b$12$KIXQ4Q1rQw1Q4Q1rQw1Q4OQ4Q1rQw1Q4Q1rQw1Q4Q1rQw1Q4Q1rQw1', true, false, NOW(), '00000000-0000-0000-0000-000000000002');

-- UserRoles
INSERT INTO user_roles (id, user_id, role_id, assigned_at) VALUES
  ('30000000-0000-0000-0000-000000000001', '20000000-0000-0000-0000-000000000001', '10000000-0000-0000-0000-000000000001', NOW()),
  ('30000000-0000-0000-0000-000000000002', '20000000-0000-0000-0000-000000000002', '10000000-0000-0000-0000-000000000002', NOW()),
  ('30000000-0000-0000-0000-000000000003', '20000000-0000-0000-0000-000000000003', '10000000-0000-0000-0000-000000000003', NOW()),
  ('30000000-0000-0000-0000-000000000004', '20000000-0000-0000-0000-000000000004', '10000000-0000-0000-0000-000000000004', NOW()),
  ('30000000-0000-0000-0000-000000000005', '20000000-0000-0000-0000-000000000005', '10000000-0000-0000-0000-000000000005', NOW()),
  ('30000000-0000-0000-0000-000000000006', '20000000-0000-0000-0000-000000000006', '10000000-0000-0000-0000-000000000006', NOW()),
  ('30000000-0000-0000-0000-000000000007', '20000000-0000-0000-0000-000000000007', '10000000-0000-0000-0000-000000000007', NOW()),
  ('30000000-0000-0000-0000-000000000008', '20000000-0000-0000-0000-000000000008', '10000000-0000-0000-0000-000000000008', NOW());

-- Branches
INSERT INTO branches (id, tenant_id, name, address, geo_fence) VALUES
  ('40000000-0000-0000-0000-000000000001', '00000000-0000-0000-0000-000000000001', 'Acme HQ', '123 Acme St', NULL),
  ('40000000-0000-0000-0000-000000000002', '00000000-0000-0000-0000-000000000002', 'Beta HQ', '456 Beta Ave', NULL);

-- Departments
INSERT INTO departments (id, tenant_id, branch_id, name) VALUES
  ('50000000-0000-0000-0000-000000000001', '00000000-0000-0000-0000-000000000001', '40000000-0000-0000-0000-000000000001', 'Engineering'),
  ('50000000-0000-0000-0000-000000000002', '00000000-0000-0000-0000-000000000002', '40000000-0000-0000-0000-000000000002', 'Sales');

-- Employees
INSERT INTO employees (id, tenant_id, department_id, role_id, name, email, phone, status) VALUES
  ('60000000-0000-0000-0000-000000000001', '00000000-0000-0000-0000-000000000001', '50000000-0000-0000-0000-000000000001', '10000000-0000-0000-0000-000000000004', 'Alice', 'alice@acme.com', '1234567890', 'active'),
  ('60000000-0000-0000-0000-000000000002', '00000000-0000-0000-0000-000000000002', '50000000-0000-0000-0000-000000000002', '10000000-0000-0000-0000-000000000008', 'Bob', 'bob@beta.com', '0987654321', 'active');

-- Attendance
INSERT INTO attendance (id, tenant_id, employee_id, date, clock_in, clock_out, location, status) VALUES
  ('70000000-0000-0000-0000-000000000001', '00000000-0000-0000-0000-000000000001', '60000000-0000-0000-0000-000000000001', CURRENT_DATE, NOW(), NOW(), 'Office', 'Present'),
  ('70000000-0000-0000-0000-000000000002', '00000000-0000-0000-0000-000000000002', '60000000-0000-0000-0000-000000000002', CURRENT_DATE, NOW(), NOW(), 'Remote', 'Present');

-- Policies
INSERT INTO policies (id, tenant_id, name, type, level, rules, created_at) VALUES
  ('80000000-0000-0000-0000-000000000001', '00000000-0000-0000-0000-000000000001', 'WFH Policy', 'attendance', 'org', '{"max_wfh_days":5}', NOW()),
  ('80000000-0000-0000-0000-000000000002', '00000000-0000-0000-0000-000000000002', 'Leave Policy', 'leave', 'org', '{"max_leaves":12}', NOW());

-- Policy Assignments
INSERT INTO policy_assignments (id, tenant_id, policy_id, branch_id, department_id, employee_id, assigned_at) VALUES
  ('90000000-0000-0000-0000-000000000001', '00000000-0000-0000-0000-000000000001', '80000000-0000-0000-0000-000000000001', NULL, NULL, NULL, NOW()),
  ('90000000-0000-0000-0000-000000000002', '00000000-0000-0000-0000-000000000002', '80000000-0000-0000-0000-000000000002', NULL, NULL, NULL, NOW());

-- Regularization Requests
INSERT INTO regularization_requests (id, tenant_id, employee_id, date, reason, requested_in, requested_out, status, approver_id, approved_at, created_at) VALUES
  ('a0000000-0000-0000-0000-000000000001', '00000000-0000-0000-0000-000000000001', '60000000-0000-0000-0000-000000000001', CURRENT_DATE, 'Missed clock-in', NOW(), NOW(), 'pending', NULL, NULL, NOW()),
  ('a0000000-0000-0000-0000-000000000002', '00000000-0000-0000-0000-000000000002', '60000000-0000-0000-0000-000000000002', CURRENT_DATE, 'Forgot to clock out', NOW(), NOW(), 'pending', NULL, NULL, NOW());

